date,open,high,low,close,volume
2021-01-04,25.31,26.94,25.31,26.56,3512424
2021-01-05,26.56,26.88,24.9,25.04,7167429
2021-01-06,25.04,25.06,23,23.1,10573878
2021-01-07,23.26,23.65,22.06,23.14,8972040
2021-01-08,23.45,23.45,22.45,22.7,6439088
2021-01-11,22.89,22.9,21.86,22.39,4908532
2021-01-12,22.02,23.13,21.2,22.89,6892282
2021-01-13,23,24.2,22.5,24.17,9773200
2021-01-14,24.29,25.75,23.7,25.3,7845206
2021-01-15,25.3,25.96,24.8,25.8,4874946
2021-01-18,25.57,27.06,24,26.86,6262412
2021-01-19,26.85,27.57,26.5,27.47,5307895
2021-01-20,27.39,28.89,27.3,28.44,4927512
2021-01-21,28.43,29.36,28.02,28.67,4899020
2021-01-22,28.65,28.78,27.55,27.64,4964912
2021-01-25,28.05,28.59,27.33,27.84,6661682
2021-01-26,27.83,28.75,27,28.03,4863289
2021-01-27,28.09,28.39,27.17,27.55,2558883
2021-01-28,27.19,27.89,26.32,26.67,5717176
2021-01-29,26.62,27.07,24.92,25.37,6891033
2021-02-01,25.45,26.23,25.25,25.39,3492557
2021-02-02,25.82,27,24.69,26.66,6574566
2021-02-03,26.58,27.32,26.05,26.39,3189351
2021-02-04,25.96,26.67,25,25.85,3279400
2021-02-05,25.8,26.09,24.36,24.4,3318932
2021-02-08,24.26,25.46,23.88,25.13,3373750
2021-02-09,25.37,25.58,24.38,24.38,3902447
2021-02-10,24.62,24.62,23.76,24.15,2891478
2021-02-18,24.2,24.65,23.77,24.19,3652245
2021-02-19,24.09,24.11,23.36,23.88,3464121
2021-02-22,23.89,23.9,22.62,22.66,5662077
2021-02-23,22.67,24.93,22.56,24,9899881
2021-02-24,24.04,24.1,22.81,23.38,7247355
2021-02-25,23.48,25,23.28,24.86,7003303
2021-02-26,24.33,27.32,24.33,27.14,11595899
2021-03-01,26.9,28.3,26.28,27.78,8719065
2021-03-02,27.54,29,27.54,28.79,9320625
2021-03-03,28.69,30.1,28.21,29.66,6716182
2021-03-04,29.27,29.85,27.18,27.52,6461988
2021-03-05,28.06,28.15,26.53,26.6,6588400
2021-03-08,26.99,28.69,25.96,26.38,11760501
2021-03-09,26.88,26.88,25.01,25.19,7605050
2021-03-10,25.26,25.8,24.35,24.93,5173712
2021-03-11,24.8,25.95,24.52,25.87,4327453
2021-03-12,26.32,26.32,24.81,24.99,4353400
2021-03-15,25,25,23.79,23.95,4419828
2021-03-16,24.07,24.15,23.34,23.9,3367644
2021-03-17,23.91,24.85,23.53,24.8,4691135
2021-03-18,24.85,25.98,24.7,25.98,8322600
2021-03-19,25.91,27.08,25.12,25.8,9941408
2021-03-22,25.6,25.78,24,24.16,8440436
2021-03-23,24.95,25.16,23.46,24.56,6816669
2021-03-24,23.96,24.25,23.32,23.58,4100411
2021-03-25,23.27,24.45,22.8,23.98,3626710
2021-03-26,24.01,24.38,23.55,24,2564976
2021-03-29,23.76,24.05,23.4,23.43,2733893
2021-03-30,23.19,23.97,23.13,23.93,3632661
2021-03-31,23.85,24.36,23.5,24.18,3446430
2021-04-01,24.18,24.3,23.82,23.93,2169082
2021-04-02,23.93,24.17,23.52,23.92,2242511
2021-04-06,23.92,23.99,23.6,23.7,2656721
2021-04-07,23.53,23.9,22.9,23.75,4303717
2021-04-08,23.64,25.82,23.39,25.75,7040186
2021-04-09,25.8,26.22,25.08,25.3,6601715
2021-04-12,25.29,25.8,24.22,25.58,6777401
2021-04-13,25.33,27.2,25.15,26.6,6701428
2021-04-14,26.49,27,25.75,26.37,5409030
2021-04-15,26,26,24.04,24.19,7587909
2021-04-16,24.17,24.58,23.56,24.08,3384743
2021-04-19,24.07,24.21,23.46,23.95,4704047
2021-04-20,23.92,24.39,23.8,24.21,3718816
2021-04-21,23.9,24.39,23.43,23.46,4351521
2021-04-22,23.48,24.25,23.32,23.84,3775347
2021-04-23,23.85,24.71,23.85,24.21,4553773
2021-04-26,24.16,24.3,23.5,23.59,6329688
2021-04-27,23.41,23.75,23.2,23.52,2072911
2021-04-28,23.58,23.6,23.02,23.11,3149404
2021-04-29,23.12,23.26,21.94,22.11,5780510
2021-04-30,22.15,22.15,19.93,20.88,11266819
2021-05-06,20.9,20.95,19.38,19.85,7490117
2021-05-07,19.96,20.02,19.34,19.38,5441121
2021-05-10,19.18,19.31,17.9,18.28,12377669
2021-05-11,18.28,18.3,17.33,18,6767674
2021-05-12,17.98,18.5,17.82,18.01,5378312
2021-05-13,17.76,18.5,17.34,17.77,7748606
2021-05-14,17.76,18.26,17.65,18.16,4745819
2021-05-17,18.3,18.35,17.69,17.75,5975071
2021-05-18,17.63,18.06,17.14,18.06,6342126
2021-05-19,18.01,18.36,17.74,18.08,4756170
2021-05-20,17.92,18.76,17.92,18.27,6256306
2021-05-21,18.2,18.36,17.67,17.77,6741579
2021-05-24,17.77,18.2,17.44,17.88,4288886
2021-05-25,17.75,18.16,17.75,17.94,3334843
2021-05-26,17.85,18.09,17.85,18.09,3493417
2021-05-27,18.1,19.9,18.08,19.9,9968219
2021-05-28,20.53,20.53,19,19.05,12266948
2021-05-31,19.16,19.36,18.45,19.1,7278100
2021-06-01,19.29,20.84,19.29,20.76,13337272
2021-06-02,22,22.5,20.3,21.38,16197151
2021-06-03,21.45,21.52,19.6,19.73,13240718
2021-06-04,19.68,20.7,19.68,20.58,9875804
2021-06-07,19.85,20.85,19.85,20.11,5645860
2021-06-08,20.3,20.3,19.2,19.76,6925537
2021-06-09,19.6,19.6,19.17,19.23,3843964
2021-06-10,19.42,19.72,19.01,19.49,5283133
2021-06-11,19.49,19.55,18.6,18.85,4417300
2021-06-15,18.74,19.07,18.38,18.73,2959504
2021-06-16,18.72,18.72,17.98,18.1,3887426
2021-06-17,18.11,18.27,17.7,17.77,4338244
2021-06-18,17.88,18.14,17.51,18.12,5168901
2021-06-21,18.05,18.45,17.8,18.44,5575884
2021-06-22,18.34,18.77,18.34,18.51,4024552
2021-06-23,18.75,18.75,18.11,18.65,5158895
2021-06-24,19.2,20,18.66,19.24,8790211
2021-06-25,18.85,19.17,18.37,18.42,5863567
2021-06-28,18.26,18.63,18.2,18.36,3259965
2021-06-29,18.3,18.41,17.89,17.99,3018384
2021-06-30,17.9,18.03,17.82,17.87,1988513
2021-07-01,17.87,18.5,17.81,18.03,3225372
2021-07-02,17.87,18.29,17.81,18.15,3361700
2021-07-05,18.15,18.39,17.91,18.04,2647558
2021-07-06,17.92,18.07,17.68,17.79,2779700
2021-07-07,17.72,18.2,17.68,17.91,3865014
2021-07-08,17.91,18.09,17.33,17.37,3997079
2021-07-09,17.38,17.39,16.66,16.8,4318201
2021-07-12,16.87,17.58,16.7,17.04,5576003
2021-07-13,17.09,17.45,16.87,17.2,3909507
2021-07-14,17.2,17.65,16.92,17.18,4599282
2021-07-15,17.12,17.36,16.25,16.32,6289745
2021-07-16,16.27,16.5,15.8,16.36,5257689
2021-07-19,16.25,16.41,15.9,15.94,3483743
2021-07-20,15.94,16.05,15.43,15.51,4342738
2021-07-21,15.59,16.13,15.56,15.85,5730372
2021-07-22,15.99,16.09,15.43,15.51,3806537
2021-07-23,15.53,15.67,15.03,15.36,5430750
2021-07-26,15.36,15.36,13.82,14.47,9334306
2021-07-27,14.47,14.95,13.79,13.9,8832189
2021-07-28,13.8,13.97,13,13.19,7460011
2021-07-29,13.36,14.07,13.35,13.66,10125464
2021-07-30,13.8,14.34,13.6,14.12,6924545
2021-08-02,14.12,15.18,14.09,15.1,8482850
2021-08-03,15,15.49,14.85,15,5500280
2021-08-04,15.03,15.32,14.62,14.8,4362331
2021-08-05,14.7,15,14.66,14.8,3257571
2021-08-06,14.91,14.98,14.41,14.59,3598050
2021-08-09,14.62,15.39,14.49,15.19,4976060
2021-08-10,15.2,15.48,15.19,15.36,4849380
2021-08-11,15.21,15.5,15,15.29,3895456
2021-08-12,15.28,15.32,15,15.06,2975600
2021-08-13,15.06,15.16,14.49,14.71,6012839
2021-08-16,14.72,15,14.58,14.66,3320214
2021-08-17,14.63,15.1,13.75,13.9,6920760
2021-08-18,13.61,14.33,13.61,14.21,4462185
2021-08-19,14.11,14.39,13.96,14.01,2534791
2021-08-20,14.01,14.13,13.55,13.95,4169743
2021-08-23,13.93,14.39,13.92,14.25,4136239
2021-08-24,14.38,15.6,14.27,15.43,9862156
2021-08-25,15.5,16.19,15.11,15.31,10763376
2021-08-26,15.5,15.58,14.62,14.67,7191577
2021-08-27,14.55,14.81,14.31,14.71,4562901
2021-08-30,14.9,15.95,14.8,15.46,9641945
2021-08-31,15.47,15.6,14.83,15.06,6211095
2021-09-01,15.06,15.28,14.7,15.07,5684345
2021-09-02,15.02,15.02,14.55,14.69,5825788
2021-09-03,15.5,15.99,15.07,15.74,15077894
2021-09-06,15.7,15.7,15.07,15.28,11216942
2021-09-07,15.27,15.3,15.06,15.19,7500018
2021-09-08,15.21,15.88,15.19,15.48,9024695
2021-09-09,15.48,15.48,15.19,15.35,5197493
2021-09-10,15.25,15.67,15.01,15.09,6853342
2021-09-13,15.01,15.19,14.71,14.73,7329741
2021-09-14,14.8,14.95,14.51,14.59,5304078
2021-09-15,15.1,15.43,14.68,14.87,8382391
2021-09-16,14.68,14.91,14.22,14.35,7886780
2021-09-17,14.27,14.28,13.7,13.87,5446309
2021-09-22,13.6,14.06,13.6,13.96,3102455
2021-09-23,14.16,14.19,14.03,14.18,2768222
2021-09-24,14.28,14.4,14.13,14.35,3021555
2021-09-27,14.53,14.53,13.85,13.87,3201044
2021-09-28,13.82,13.97,13.68,13.78,2139285
2021-09-29,13.66,13.69,12.65,12.7,8984510
2021-09-30,12.72,13.58,12.72,13.31,6317621
2021-10-08,13.53,13.88,13.32,13.8,4890058
2021-10-11,13.76,14.39,13.63,14.17,5076615
2021-10-12,14.13,14.35,13.89,13.99,3817125
2021-10-13,13.99,14.05,13.61,13.77,2808400
2021-10-14,13.77,13.98,13.66,13.79,2320750
2021-10-15,13.78,14.04,13.65,13.94,2756201
2021-10-18,14.08,14.09,13.72,14.09,3126300
2021-10-19,13.81,14.4,13.8,14.13,3692509
2021-10-20,14.23,14.49,13.98,14.25,3989497
2021-10-21,14.25,14.52,14.01,14.24,4341225
2021-10-22,14.24,14.43,14.12,14.15,2540780
2021-10-25,14.25,14.28,13.81,14.15,3081878
2021-10-26,14.11,14.23,13.81,13.83,2915802
2021-10-27,14.16,14.45,13.18,13.42,7296229
2021-10-28,13.26,13.3,12.94,13.1,4049262
2021-10-29,13.1,13.98,13.1,13.87,6636546
2021-10-30,,,,,
2021-11-01,13.8,13.92,13.2,13.35,8751952
2021-11-02,13.34,13.9,13.25,13.58,7309054
2021-11-03,13.5,13.9,13.31,13.57,4342150
2021-11-04,13.51,13.84,13.31,13.74,5113779
2021-11-05,13.63,14.35,13.63,13.98,8588760
2021-11-08,13.98,14.64,13.93,14.48,7624987
2021-11-09,14.48,14.64,14.3,14.54,5921620
2021-11-10,14.57,14.79,14.41,14.57,5218981
2021-11-11,14.53,14.78,14.45,14.72,5008400
2021-11-12,14.76,14.81,14.47,14.68,4937200
2021-11-15,14.69,15.66,14.69,15.54,12773973
2021-11-16,15.47,15.47,15,15.25,8757368
2021-11-17,15.25,15.64,15.21,15.51,7943179
2021-11-18,15.49,15.65,15.11,15.14,5397620
2021-11-19,15.46,16.14,15.32,15.99,12018684
2021-11-22,15.96,17.15,15.89,16.84,14448432
2021-11-23,16.82,16.82,16.26,16.37,8345583
2021-11-24,16.45,16.64,15.88,16.44,7525845
2021-11-25,16.48,16.75,15.89,15.95,8227207
2021-11-26,16,16,15.57,15.65,5108142
2021-11-29,15.38,15.55,15.13,15.45,6180671
2021-11-30,15.53,15.79,15.22,15.32,4730631
2021-12-01,15.32,15.52,15.25,15.37,3248447
2021-12-02,15.35,15.62,14.98,15.07,5343800
2021-12-03,15.02,15.36,15.02,15.21,5960296
2021-12-06,15.3,15.4,14.85,14.88,5209898
2021-12-07,14.99,15.06,14.58,14.88,4266501
2021-12-08,14.88,15.14,14.71,14.79,6018697
2021-12-09,14.87,15.29,14.86,15.1,6082291
2021-12-10,15.01,15.9,14.94,15.65,8656314
2021-12-13,15.73,15.84,15.27,15.33,5951093
2021-12-14,15.27,15.47,15.1,15.14,3684803
2021-12-15,15.14,15.15,14.72,14.8,5356489
2021-12-16,14.85,15.05,14.73,15.01,2808400
2021-12-17,14.99,15,14.71,14.71,3315102
2021-12-20,14.65,14.71,14.02,14.12,6012084
2021-12-21,14.01,14.28,14.01,14.16,3053386
2021-12-22,14.2,14.51,14.16,14.35,3221839
2021-12-23,14.46,14.48,14.08,14.13,3227543
2021-12-24,14.15,14.22,13.85,13.86,2998084
2021-12-27,13.88,14,13.77,13.94,3494164
2021-12-28,13.94,14.12,13.87,14.03,3097285
2021-12-29,14.1,14.13,13.86,14.06,2687507
2021-12-30,14.04,14.13,13.95,14.06,2051900
2021-12-31,14.07,14.23,14.01,14.19,2121435
2022-01-04,14.19,14.39,14.19,14.3,3286605
2022-01-05,14.3,14.35,13.93,14.03,3936696
2022-01-06,14.03,14.11,13.91,14.05,2422941
2022-01-07,14.03,14.15,13.76,13.8,3397438
2022-01-10,13.8,14.1,13.65,14.04,3849600
2022-01-11,14,14.27,13.95,13.97,3074000
2022-01-12,14,14.2,13.95,14.16,2828502
2022-01-13,14.16,14.31,14.08,14.22,3558746
2022-01-14,14.25,14.3,14,14.01,3261180
2022-01-17,14.01,14.58,14,14.53,4970056
2022-01-18,14.52,14.67,14.23,14.39,4359316
2022-01-19,14.42,14.44,14.15,14.22,2319500
2022-01-20,14.25,14.25,13.95,13.97,3035884
2022-01-21,13.97,14.37,13.6,14.15,4253932
2022-01-24,14.15,14.25,13.73,13.93,4120123
2022-01-25,13.88,13.88,13.15,13.18,4791765
2022-01-26,13.09,13.45,13.05,13.35,2836556
2022-01-27,13.35,13.49,13,13.04,1966285
2022-01-28,13.12,13.29,12.92,13.2,2192500
2022-02-07,13.38,13.57,13.18,13.47,2639834
2022-02-08,13.43,13.54,13.14,13.53,3475318
2022-02-09,13.58,13.66,13.4,13.63,2082100
2022-02-10,13.57,13.77,13.49,13.7,2097012
2022-02-11,13.63,13.76,13.39,13.68,2166200
2022-02-14,13.54,13.56,13.3,13.37,3946300
2022-02-15,13.35,13.44,13.23,13.41,1513682
2022-02-16,13.5,13.88,13.36,13.82,3264926
2022-02-17,13.88,14.23,13.67,13.95,4015221
2022-02-18,13.87,13.94,13.66,13.88,2667859
2022-02-21,13.85,14,13.78,13.95,2023341
2022-02-22,13.87,13.93,13.65,13.76,2063751
2022-02-23,13.7,13.96,13.7,13.92,2190007
2022-02-24,13.83,14.09,13.37,13.5,3347027
2022-02-25,13.64,14.04,13.64,13.72,2494700
2022-02-28,13.8,13.99,13.35,13.66,2270700
2022-03-01,13.62,13.73,13.46,13.53,1931468
2022-03-02,13.53,13.66,13.31,13.62,2058664
2022-03-03,13.62,13.7,13.49,13.52,1268400
2022-03-04,13.48,13.51,13.24,13.26,1848000
2022-03-07,13.19,13.2,12.93,12.97,2164635
2022-03-08,12.96,13.09,12.16,12.32,4731888
2022-03-09,12.44,12.44,11.1,11.73,5072852
2022-03-10,11.92,12.07,11.79,12,2515215
2022-03-11,11.88,12.16,11.57,12.16,1879570
2022-03-14,11.99,12.23,11.95,11.96,1803607
2022-03-15,11.96,12.01,11.21,11.22,2282100
2022-03-16,11.45,11.57,11.04,11.53,2091575
2022-03-17,11.7,11.88,11.57,11.59,1955808
2022-03-18,11.59,11.72,11.54,11.7,1628000
2022-03-21,11.7,11.97,11.7,11.83,1616601
2022-03-22,11.8,11.86,11.64,11.77,1627900
2022-03-23,11.8,11.94,11.75,11.85,2356056
2022-03-24,11.8,12,11.71,11.89,2013800
2022-03-25,11.98,12.22,11.85,11.87,2318400
2022-03-28,11.87,11.96,11.52,11.76,1560107
2022-03-29,11.88,11.95,11.56,11.6,1495992
2022-03-30,11.69,12.01,11.67,11.89,2263800
2022-03-31,11.98,12.08,11.9,12,1631453
2022-04-01,11.99,12,11.85,11.91,1606200
2022-04-06,11.89,12.04,11.8,12.02,1890100
2022-04-07,12.01,12.33,11.64,11.73,4086202
2022-04-08,11.65,11.79,11.46,11.55,1785402
2022-04-11,11.51,11.57,11.08,11.16,2437315
2022-04-12,11.29,11.48,11.07,11.4,1339747
2022-04-13,11.39,11.53,11.13,11.24,1482227
2022-04-14,11.26,11.47,11.13,11.19,1751515
2022-04-15,11.2,11.3,10.95,11.08,1733052
2022-04-18,11.08,11.47,10.81,11.47,2305533
2022-04-19,11.44,11.61,11.33,11.52,1579160
2022-04-20,11.46,12.16,11.44,11.88,4016984
2022-04-21,11.78,12.1,11.59,11.66,2559800
2022-04-22,11.75,11.9,11.23,11.28,2212100
2022-04-25,11.12,12,10.96,10.97,4478969
2022-04-26,10.89,11.39,10.8,10.95,3780305
2022-04-27,10.8,10.95,9.9,10.69,5248713
2022-04-28,10.66,10.69,9.62,9.62,7563984
2022-04-29,9.32,10.13,9.32,9.92,5948301
2022-05-05,9.93,10.75,9.7,10.63,6233400
2022-05-06,10.36,10.46,10.14,10.28,2678700
2022-05-09,10.14,10.82,10.14,10.66,3459900
2022-05-10,10.57,10.66,10.43,10.58,2773370
2022-05-11,11.64,11.64,10.55,10.64,8981949
2022-05-12,10.55,10.75,10.28,10.5,5664075
2022-05-13,10.5,10.96,10.5,10.8,4142900
2022-05-16,10.8,11.15,10.69,10.85,5434899
2022-05-17,10.71,10.85,10.45,10.74,5247300
2022-05-18,10.71,11.7,10.63,11.55,10717493
2022-05-19,11.36,11.51,11.13,11.42,5765800
2022-05-20,11.53,12.16,11.5,11.95,7406987
2022-05-23,13.15,13.15,13.15,13.15,3225880
2022-05-24,14.43,14.47,13.33,13.5,28343908
2022-05-25,13.86,14.7,12.55,14.46,21743137
2022-05-26,15,15.66,14.29,14.43,27158198
2022-05-27,14.38,14.97,14.01,14.55,18750553
2022-05-30,14.24,15.45,14.24,15.04,19485107
2022-05-31,14.83,15.67,14.65,15.32,13831455
2022-06-01,15.29,15.29,14.3,15.05,10246899
2022-06-02,14.82,15.6,14.79,15.41,8480718
2022-06-06,15.58,15.68,15.31,15.46,7646070
2022-06-07,15.33,15.99,15.16,15.9,8084147
2022-06-08,15.72,17,15.6,16.68,12317887
2022-06-09,16.35,16.68,16.18,16.36,6752518
2022-06-10,16.3,17.62,16.2,17.16,10677642
2022-06-13,17,18.26,16.6,18,11917572
2022-06-14,17.6,19.57,17.59,18.39,14690790
2022-06-15,18.65,18.96,17.59,17.86,12785962
2022-06-16,17.79,19.5,17.64,18.98,12210990
2022-06-17,18.97,20.23,18.8,20.16,10671981
2022-06-20,20.16,21.99,20.16,20.91,11957027
2022-06-21,20.64,21.18,20.08,20.5,9536098
2022-06-22,20.62,21.04,19.6,19.7,10097351
2022-06-23,19.65,20.51,19.1,20.26,12200778
2022-06-24,20.25,20.44,19.6,19.98,7619763
2022-06-27,20.22,20.52,19.42,20.3,7152703
2022-06-28,20.16,20.45,19.7,19.86,4929756
2022-06-29,19.87,20,18.65,18.8,10938280
2022-06-30,19,19,17.42,17.56,13032815
2022-07-01,17.7,18.18,17.02,17.44,12363169
2022-07-04,17.5,17.6,16.94,17.39,7462801
2022-07-05,17.41,17.5,16.1,16.5,9923578
2022-07-06,16.43,17.1,16.2,16.42,9272966
2022-07-07,16.43,17.03,16.21,16.76,7258284
2022-07-08,16.76,16.96,16.22,16.29,5935885
2022-07-11,16.5,16.69,15.89,16.12,5596700
2022-07-12,16.12,16.15,15.5,15.6,4862900
2022-07-13,15.62,15.99,15.38,15.88,5016500
2022-07-14,15.84,17.21,15.73,16.37,12417300
2022-07-15,16.18,16.94,15.96,16,8090369
2022-07-18,16.2,17.09,16.01,16.77,10825943
2022-07-19,17.01,18.45,16.78,18.45,10980553
2022-07-20,19,19.44,18.11,19.15,20506980
2022-07-21,19.15,19.64,18.74,18.84,10071400
2022-07-22,18.59,19.07,18.14,18.46,9656610
2022-07-25,18.67,19.86,18.09,19.56,15667081
2022-07-26,19.33,20.5,19.07,19.99,11269478
2022-07-27,19.95,20.81,19.5,20.21,11449273
2022-07-28,20.65,21.56,19.99,21.25,11618966
2022-07-29,21.06,21.88,20.73,21.32,8275914
2022-08-01,21.5,21.7,20.5,21.53,9693602
2022-08-02,21.12,21.5,20.11,20.84,10294687
2022-08-03,21.08,21.4,19.79,19.95,12192649
2022-08-04,20,20.3,19.3,19.89,9389119
2022-08-05,20.2,20.25,19.27,19.78,6537797
2022-08-08,19.74,21.76,19.32,21.76,7303969
2022-08-09,21.8,23.51,21.8,22.59,13895708
2022-08-10,22.6,23.88,22.18,23.1,9572345
2022-08-11,23.09,23.3,22.15,22.79,6981757
2022-08-12,22.94,22.98,22,22.7,6318732
2022-08-15,22.7,24.97,22.33,24.97,8547900
2022-08-16,25.5,26.37,24.88,25.25,11022766
2022-08-17,25.55,25.55,24.42,25.28,7290720
2022-08-18,25.28,25.99,24.86,25.52,5843320
2022-08-19,25.47,25.88,24.44,24.46,5962291
2022-08-22,24.59,26.35,24.37,26.09,6806969
2022-08-23,25.97,27.1,25.55,26.71,8248798
2022-08-24,26.72,27.49,25.97,26.7,8837900
2022-08-25,26.99,27.47,25,27.11,7762305
2022-08-26,27.12,27.74,26.12,27.15,5835048
2022-08-29,26.84,29.6,26.81,28.07,10331489
2022-08-30,28.26,28.77,27.41,28.15,6873186
2022-08-31,28.01,28.01,26,26.7,6254800
2022-09-01,26.82,27.3,26.17,26.54,5217633
2022-09-02,26.78,28.09,26.22,27.75,5991745
2022-09-05,27.75,28.4,26.2,26.95,5786058
2022-09-06,27.15,28.48,26.91,27.26,6401070
2022-09-07,27.22,28.25,26.8,27.42,4690222
2022-09-08,27.61,27.78,26.9,27.18,2879899
2022-09-09,27.1,27.27,26.2,26.45,4495339
2022-09-13,26.57,27.37,26.35,26.99,5483600
2022-09-14,26.89,26.89,25.1,26.05,6703468
2022-09-15,26.31,26.33,24.96,25.7,7285814
2022-09-16,25.33,26.16,24.8,24.88,4207389
2022-09-19,25.04,25.88,24.77,25.18,4836676
2022-09-20,25.18,25.79,24.8,25.17,4098737
2022-09-21,25.25,25.36,24.65,24.96,2776863
2022-09-22,24.81,25.7,24.41,25.26,3795570
2022-09-23,25.26,25.7,24.26,24.4,3722434
2022-09-26,24.42,26.16,23.81,25.37,5149972
2022-09-27,25.34,26.29,25.02,26.17,5285656
2022-09-28,26.01,26.5,24.4,24.54,7302799
2022-09-29,25.45,25.45,23.28,23.66,11579136
2022-09-30,23.7,23.77,22.1,22.5,12525667
2022-10-10,22.53,22.6,21.08,21.33,8772144
2022-10-11,21.59,21.7,20.47,20.65,8469489
2022-10-12,20.69,21.12,20,21.08,6326280
2022-10-13,21.03,22.19,20.71,21.4,9158512
2022-10-14,21.43,22.11,21.33,21.8,6984832
2022-10-17,21.75,22.38,21.38,22.3,5114832
2022-10-18,22.31,22.62,22.04,22.25,4005000
2022-10-19,22.09,22.61,21.86,22.07,3913736
2022-10-20,21.86,21.86,20.6,21.24,7848535
2022-10-21,21.54,21.87,20.65,20.9,6939920
2022-10-24,21,21.36,20.41,20.6,6044182
2022-10-25,20.87,20.91,20.03,20.79,8402177
2022-10-26,20.95,20.97,19.28,19.65,13523460
2022-10-27,19.52,20.18,19.35,19.47,10056527
2022-10-28,19.47,19.49,18.9,19.09,8408704
2022-10-31,19.87,20.7,19,19.19,14543549
2022-11-01,19.8,20.44,19.22,20.28,11247816
2022-11-02,20.82,22.22,20.19,22.04,11289051
2022-11-03,22,22.78,21.8,22.45,7963161
2022-11-04,22.58,23.16,22.42,23.08,5636475
2022-11-07,23.08,23.5,22.63,23.12,5977188
2022-11-08,23.12,23.36,22.87,23.2,3936765
2022-11-09,23.18,24.38,23.02,23.64,5444296
2022-11-10,23.6,23.6,22.46,22.57,5908244
2022-11-11,23,23.14,22.19,22.23,5144516
2022-11-14,22.2,22.28,21.61,21.85,4635913
2022-11-15,21.85,22.48,21.63,22.06,4822893
2022-11-16,22.18,23.1,21.9,22.73,6292759
2022-11-17,22.6,22.6,21.7,22.29,5242869
2022-11-18,22.35,22.8,21.93,22,3963147
2022-11-21,21.93,22.28,21.52,22.06,3485944
2022-11-22,21.8,22.07,21.21,21.3,4509270
2022-11-23,21.17,21.8,20.93,21.43,4379613
2022-11-24,21.34,21.79,21.21,21.45,2618509
2022-11-25,21.42,21.42,20.62,20.76,5035990
2022-11-28,20.71,20.9,20.22,20.71,6257278
2022-11-29,20.85,21.03,20.66,20.75,4108540
2022-11-30,20.94,21.39,20.33,20.83,3982982
2022-12-01,21.06,21.44,20.64,20.71,5322184
2022-12-02,21,21.43,20.78,21.19,5078007
2022-12-05,21.25,21.37,20.07,20.24,7994656
2022-12-06,20.1,20.77,19.95,20.6,5636971
2022-12-07,20.5,20.74,20.05,20.18,4178979
2022-12-08,20.15,20.3,19.6,19.93,5926336
2022-12-09,19.89,20.07,19.66,19.95,4595032
2022-12-12,19.97,19.97,19.51,19.8,3670253
2022-12-13,19.8,19.87,19.23,19.4,3620131
2022-12-14,19.4,19.57,18.99,19.19,3256597
2022-12-15,19.19,19.55,19.08,19.52,3440908
2022-12-16,19.39,19.6,18.74,18.89,4740743
2022-12-19,18.89,19.09,18.3,18.52,4896380
2022-12-20,18.46,18.93,18.31,18.69,2914900
2022-12-21,18.78,19.04,18.05,18.18,3249240
2022-12-22,18,18.49,17.7,17.87,3642296
2022-12-23,17.87,17.87,17.26,17.43,3261372
2022-12-26,17.64,18.7,17.41,18.46,4783628
2022-12-27,18.46,18.76,17.88,18.6,3848865
2022-12-28,18.62,18.75,18.02,18.13,2869786
2022-12-29,18.13,18.66,18.02,18.32,2973586
2022-12-30,18.37,18.67,18.21,18.48,4440587
2022-12-31,,,,,
2023-01-03,18.49,19.99,18.44,19.68,9591712
2023-01-04,19.7,19.91,19.22,19.59,7632017
2023-01-05,19.51,20.15,19.34,19.71,6424322
2023-01-06,19.64,20.83,19.64,20.74,8508651
2023-01-09,21.11,22.81,20.8,22.81,15486264
2023-01-10,23.4,24.65,22.43,23.9,24661258
2023-01-11,24.4,24.78,24.11,24.5,16346620
2023-01-12,24.23,24.71,24,24.5,11278650
2023-01-13,24.51,25.18,24.19,24.9,8861462
2023-01-16,24.9,25.35,24.08,24.93,10923712
2023-01-17,25.02,26.5,25,26.29,9193451
2023-01-18,26.03,26.13,25.5,25.57,6563115
2023-01-19,25.58,26.05,25.55,25.68,5411755
2023-01-20,25.57,25.75,24.97,25.09,6469390
2023-01-30,25.09,25.68,24.46,24.79,9723151
2023-01-31,24.8,26.57,24.55,26.11,10741302
2023-02-01,26.37,26.55,25.78,26.29,7192399
2023-02-02,26.5,27.15,26.08,26.66,4641999
2023-02-03,26.6,26.83,25.7,26.32,4973468
2023-02-06,26.3,26.35,25.71,26,3595100
2023-02-07,25.76,26.4,25.76,26.03,3965200
2023-02-08,25.91,27.24,25.81,26.96,7968395
2023-02-09,26.96,27.71,26.58,27.41,7176989
2023-02-10,27.49,27.5,26.56,26.96,3614602
2023-02-13,26.99,28.81,26.7,28.3,7361826
2023-02-14,28.16,28.16,27.17,27.5,5330192
2023-02-15,27.9,28.09,27.11,27.37,3461669
2023-02-16,27.23,27.85,26.27,26.5,5123501
2023-02-17,26.49,27,26.26,26.38,3444010
2023-02-20,26.37,26.98,25.75,26.8,4288493
2023-02-21,26.98,27.25,26.06,26.28,3176532
2023-02-22,26.39,26.9,26.02,26.76,2984701
2023-02-23,26.55,26.98,26.27,26.49,1515218
2023-02-24,26.43,26.9,25.98,26.07,3205137
2023-02-27,26.12,26.65,25.83,26.13,2816638
2023-02-28,26.05,26.54,25.68,26.17,2829664
2023-03-01,25.79,26,24.32,25.17,9334206
2023-03-02,25.17,25.6,24.88,25.09,3812731
2023-03-03,25.05,26.08,24.84,25.92,5520464
2023-03-06,25.94,26.16,25.1,25.42,5319074
2023-03-07,25.27,25.69,24.91,24.96,2863732
2023-03-08,24.97,25.2,24.47,24.6,4457144
2023-03-09,24.85,24.88,24.12,24.33,3679846
2023-03-10,24.15,24.44,23.45,23.68,4063936
2023-03-13,23.64,24.2,23.37,23.77,3833809
2023-03-14,23.78,23.78,22.9,23.13,4108990
2023-03-15,23.14,23.65,22.9,23.05,2994541
2023-03-16,23.06,23.32,22.36,22.52,3046169
2023-03-17,22.56,22.94,22.16,22.25,3130022
2023-03-20,22.2,23.53,21.9,22.92,6253069
2023-03-21,22.96,24.17,22.65,23.62,7732544
2023-03-22,23.97,24.43,23.66,23.85,4714615
2023-03-23,23.82,24.1,23.15,23.3,4947109
2023-03-24,23.25,23.66,22.72,22.82,4460177
2023-03-27,22.98,23.27,22.63,23.03,3639938
2023-03-28,23.05,25.33,22.72,25.33,9011332
2023-03-29,26.62,26.75,23.56,23.68,14985567
2023-03-30,23.92,24.06,23.02,23.68,8105823
2023-03-31,23.48,24.26,23.24,23.37,6766065
2023-04-03,23.07,23.29,21.64,21.74,14983980
2023-04-04,21.76,21.78,20.78,21.38,10802646
2023-04-06,21.34,22.44,20.97,22.05,8193235
2023-04-07,21.97,22.75,21.8,22.24,4847992
2023-04-10,22.44,22.73,21.8,22.09,3999564
2023-04-11,21.96,22.39,21.7,21.81,3942189
2023-04-12,22.61,23.36,22.03,22.21,10201340
2023-04-13,22.42,23.58,22.11,23.3,10608040
2023-04-14,23.23,23.5,22.05,22.44,10441406
2023-04-17,22.43,23.8,21.92,22.2,10831850
2023-04-18,22.19,22.36,21.69,21.9,4617300
2023-04-19,22.08,22.08,21.35,21.5,6005773
2023-04-20,21.42,21.42,20.55,20.76,8030400
2023-04-21,20.85,21.76,20.84,21.1,8110295
2023-04-24,20.9,21.12,20.6,20.76,4460610
2023-04-25,20.53,20.75,20,20.5,5044700
2023-04-26,20.54,21.65,20.53,20.91,5647400
2023-04-27,20.91,21.65,20.91,21.2,5988346
2023-04-28,21.1,21.57,21.04,21.41,3998000
2023-04-29,,,,,
2023-05-04,21.45,21.56,19.6,19.92,10837900
2023-05-05,19.8,20.06,19.29,19.45,7158046
2023-05-08,19.64,19.78,19,19.22,6891920
2023-05-09,19.12,19.32,18.65,18.9,5506808
2023-05-10,18.76,19.58,18.65,19.35,6710300
2023-05-11,19.35,19.55,19.08,19.3,4441997
2023-05-12,19.3,19.53,19,19.19,5169600
2023-05-15,19.19,19.8,19.02,19.65,5179704
2023-05-16,19.76,20.2,19.45,19.52,5333100
2023-05-17,19.68,19.68,19.25,19.46,2930500
2023-05-18,19.44,19.71,19.28,19.41,2897390
2023-05-19,19.42,19.87,19.25,19.45,4187758
2023-05-22,19.3,19.62,19,19.48,3850200
2023-05-23,19.5,19.72,19.23,19.3,3442400
2023-05-24,19.12,19.54,19.08,19.31,2741704
2023-05-25,19.2,19.58,18.9,19.21,4491895
2023-05-26,19.17,19.34,18.77,19.26,3021899
2023-05-29,19.19,19.34,18.7,18.96,2912900
2023-05-30,19,19.15,18.32,18.82,6503177
2023-05-31,18.61,18.83,18.33,18.45,4554940
2023-06-01,18.47,19.07,18.24,18.71,5388501
2023-06-02,18.7,18.84,18.4,18.42,6988098
2023-06-05,18.56,19.07,18.24,18.55,6756969
2023-06-06,18.69,18.69,17.85,17.93,7844522
2023-06-07,18.02,18.05,17.66,17.86,4480700
2023-06-08,17.88,17.94,17.56,17.65,3502900
2023-06-09,17.59,18.1,17.59,17.97,5028265
2023-06-12,17.97,18.45,17.79,18.34,6437700
2023-06-13,18.4,18.47,18.07,18.16,5584700
2023-06-14,18.16,18.54,17.95,18.37,4653771
2023-06-15,18.33,18.89,18.21,18.8,4528201
2023-06-16,18.8,19.4,18.78,18.94,7654820
2023-06-19,19.07,19.07,18.3,18.54,7705600
2023-06-20,18.43,18.52,18.18,18.27,5704502
2023-06-21,18.16,18.45,18.01,18.03,4111568
2023-06-26,17.9,18.21,17.62,17.72,4526493
2023-06-27,17.72,18.09,17.58,17.96,5132841
2023-06-28,17.97,18.17,17.58,18.04,4177094
2023-06-29,17.87,18.35,17.77,17.8,4473069
2023-06-30,17.82,18.59,17.81,18.23,6935562
2023-07-03,18.28,18.8,18.28,18.4,6735401
2023-07-04,18.4,18.79,18.26,18.48,6582281
2023-07-05,18.6,18.7,18.12,18.18,4364250
2023-07-06,18.06,18.14,17.75,17.89,4852416
2023-07-07,17.87,18.33,17.75,18.01,5074812
2023-07-10,18.01,18.1,17.21,17.37,8373430
2023-07-11,17.21,18.34,17.21,18.29,9828128
2023-07-12,18.3,18.35,17.7,17.78,8062653
2023-07-13,17.65,17.69,17.04,17.37,6643463
2023-07-14,17.43,17.45,17.06,17.13,4759934
2023-07-17,17.02,17.09,16.3,16.68,9615396
2023-07-18,16.63,17.01,16.3,16.94,8944789
2023-07-19,16.94,17.17,16.7,17.03,5991512
2023-07-20,17.03,17.14,16.75,16.79,4517606
2023-07-21,16.9,18.17,16.88,17.41,14206219
2023-07-24,17.34,17.4,16.8,16.83,7190999
2023-07-25,17.05,17.88,17,17.61,10344693
2023-07-26,17.63,17.71,17.21,17.34,5304172
2023-07-27,17.39,17.65,17.07,17.07,3797666
2023-07-28,17.05,17.35,16.82,17.27,4503260
2023-07-31,17.39,18.29,17.35,17.77,12022922
2023-08-01,17.77,17.81,17.38,17.51,7424921
2023-08-02,17.45,17.6,17.22,17.59,7037799
2023-08-03,17.53,17.55,17.22,17.32,7533778
2023-08-04,17.35,17.56,17.08,17.11,6519357
2023-08-07,17.13,17.19,16.84,16.92,4886255
2023-08-08,16.92,17.03,16.63,16.67,4758401
2023-08-09,16.64,16.65,16.19,16.6,7484833
2023-08-10,16.49,16.56,16.1,16.29,5023928
2023-08-11,16.24,16.3,15.92,15.92,4903410
2023-08-14,15.76,15.79,15.42,15.75,6038606
2023-08-15,15.83,16.06,15.6,15.77,4665900
2023-08-16,15.69,15.88,15.51,15.51,4188300
2023-08-17,15.48,15.96,15.3,15.91,5485352
2023-08-18,15.96,16.18,15.6,15.63,4042574
2023-08-21,15.64,15.8,15.4,15.47,4707738
2023-08-22,15.69,16.1,14.92,15.25,9726697
2023-08-23,15.16,15.23,14.62,14.64,7719200
2023-08-24,14.6,14.8,14.39,14.52,8806973
2023-08-25,14.46,14.5,14.05,14.15,5641100
2023-08-28,14.92,15.06,14.4,14.43,9160544
2023-08-29,14.46,14.86,14.39,14.69,7966499
2023-08-30,14.74,15.03,14.67,14.78,6145719
2023-08-31,14.7,14.82,14.45,14.51,5529100
2023-09-01,14.5,14.66,14.32,14.46,4777604
2023-09-04,14.53,14.9,14.36,14.9,8951593
2023-09-05,14.88,15.05,14.78,14.91,6568455
2023-09-06,14.83,14.88,14.45,14.64,7444954
2023-09-07,14.68,14.68,14.05,14.12,7853431
2023-09-08,14.06,14.08,13.77,14,5202701
2023-09-11,14.06,14.7,13.95,14.63,9532783
2023-09-12,14.61,15.16,14.6,14.88,9034146
2023-09-13,14.87,14.94,14.27,14.42,7129900
2023-09-14,14.48,14.5,14.15,14.23,4468244
2023-09-15,14.26,14.51,14.14,14.27,4396800
2023-09-18,14.27,14.86,14.12,14.76,8152002
2023-09-19,14.74,14.76,14.43,14.56,4480064
2023-09-20,14.41,14.65,14.35,14.35,4060901
2023-09-21,14.35,14.44,14.15,14.22,4392529
2023-09-22,14.22,14.49,14.18,14.46,5710003
2023-09-25,14.42,14.48,14.07,14.21,5138895
2023-09-26,14.18,14.35,14.1,14.14,3113700
2023-09-27,14.12,14.38,13.93,14.2,4756448
2023-09-28,14.16,14.39,14.08,14.11,4650958
2023-09-30,,,,,
2023-10-09,14.11,14.25,13.92,14.23,5684366
2023-10-10,14.23,14.25,13.76,13.83,6106400
2023-10-11,13.97,14.1,13.84,13.87,4361100
2023-10-12,13.95,14.44,13.86,14.26,8059884
2023-10-13,14.17,14.39,13.94,14.05,6060049
2023-10-16,14.1,14.14,13.76,13.86,4948203
2023-10-17,13.85,13.91,13.58,13.66,5394779
2023-10-18,13.6,13.68,13.31,13.46,6412002
2023-10-19,13.42,13.44,13.14,13.17,5056007
2023-10-20,13.06,13.49,13.05,13.15,4595600
2023-10-23,13.16,13.2,12.65,12.71,5191764
2023-10-24,12.82,13.2,12.8,13.09,6889701
2023-10-25,13.25,13.65,13.2,13.41,6917000
2023-10-26,13.16,13.16,12.1,12.66,18797145
2023-10-27,12.5,13.1,12.46,12.99,13313600
2023-10-30,12.94,13.06,12.54,12.74,10497806
2023-10-31,12.65,12.88,12.51,12.62,7372273
2023-11-01,12.62,13.62,12.55,13.23,12878051
2023-11-02,13.13,13.59,13.09,13.15,10994286
2023-11-03,13.17,13.56,13.01,13.48,12088672
2023-11-06,13.48,13.73,13.44,13.68,9604070
2023-11-07,13.65,13.95,13.6,13.74,7344465
2023-11-08,13.7,13.76,13.55,13.68,5667954
2023-11-09,13.6,13.72,13.48,13.58,4587254
2023-11-10,13.55,13.65,13.27,13.4,4612700
2023-11-13,13.47,13.51,13.32,13.43,4295694
2023-11-14,13.43,13.58,13.35,13.55,3494345
2023-11-15,13.76,14.05,13.61,13.94,8144930
2023-11-16,13.88,14.21,13.83,14.02,9974181
2023-11-17,14.03,14.49,13.93,14.39,10492981
2023-11-20,14.38,14.44,14.13,14.42,9067367
2023-11-21,14.4,14.57,14.11,14.18,8757269
2023-11-22,14.1,14.25,13.76,13.78,7245905
2023-11-23,13.8,14.28,13.79,14.17,6457904
2023-11-24,14.13,14.19,13.76,13.83,5790510
2023-11-27,13.88,14,13.56,13.81,4753318
2023-11-28,13.77,13.99,13.66,13.99,4447370
2023-11-29,13.99,13.99,13.78,13.83,3306300
2023-11-30,13.8,13.85,13.4,13.53,4880688
2023-12-01,13.52,13.62,13.27,13.4,4639281
2023-12-04,13.4,13.47,13.2,13.21,4257699
2023-12-05,13.17,13.24,12.98,12.98,3952896
2023-12-06,13.01,13.39,12.98,13.13,5947271
2023-12-07,13.1,13.29,12.91,13,4632063
2023-12-08,12.98,13.06,12.68,12.69,4342763
2023-12-11,12.66,12.94,12.51,12.92,4493562
2023-12-12,12.91,12.98,12.81,12.92,2945900
2023-12-13,12.92,12.95,12.71,12.72,2865500
2023-12-14,12.8,12.94,12.55,12.6,3077714
2023-12-15,12.61,12.66,12.46,12.5,3611311
2023-12-18,12.41,12.52,12.24,12.25,3892518
2023-12-19,12.3,12.32,12.15,12.31,3140329
2023-12-20,12.3,12.32,12.04,12.04,4013000
2023-12-21,12.01,12.26,11.86,12.19,3784399
2023-12-22,12.23,12.35,12.02,12.08,4177219
2023-12-25,12.08,12.2,11.98,12.05,3702601
2023-12-26,12.05,12.07,11.83,11.88,2845600
2023-12-27,11.93,11.96,11.69,11.91,2948206
2023-12-28,11.89,12.43,11.8,12.35,6205500
2023-12-29,12.35,12.53,12.27,12.47,4359400
2023-12-31,,,,,
2024-01-02,12.47,12.73,12.46,12.54,4383800
2024-01-03,12.5,12.51,12.2,12.32,3589340
2024-01-04,12.32,12.39,12.18,12.28,2631901
2024-01-05,12.28,12.43,11.99,12.05,3700701
2024-01-08,12.11,12.12,11.59,11.6,4283800
2024-01-09,11.58,11.97,11.58,11.79,4141701
2024-01-10,11.77,11.9,11.56,11.74,2856900
2024-01-11,11.75,12.15,11.63,12.09,5156411
2024-01-12,12.11,12.27,12.03,12.04,3291000
2024-01-15,11.98,12.08,11.83,11.97,3092700
2024-01-16,12.03,12.09,11.79,12.02,3473800
2024-01-17,12.02,12.09,11.71,11.71,3685700
2024-01-18,11.68,11.7,11.24,11.62,5350602
2024-01-19,11.61,11.82,11.55,11.58,4409373
2024-01-22,11.58,11.58,10.81,10.87,5460743
2024-01-23,10.8,11.08,10.66,11.01,5732005
2024-01-24,10.96,11.19,10.67,11.17,4734605
2024-01-25,11.13,11.44,11.02,11.43,5320100
2024-01-26,11.4,11.54,11.22,11.25,4814613
2024-01-29,11.3,11.39,10.8,10.81,5175300
2024-01-30,10.72,11.01,10.5,10.51,4174385
2024-01-31,10.42,10.6,9.99,10.07,6817810
2024-02-01,10.01,10.18,9.77,9.87,5859442
2024-02-02,9.85,9.99,9.05,9.36,7525002
2024-02-05,9.3,9.4,8.45,8.93,10916923
2024-02-06,8.97,9.82,8.71,9.8,11139232
2024-02-07,9.78,10.55,9.75,10.33,12643939
2024-02-08,10.33,11.21,10.22,10.86,11262903
2024-02-19,11.06,11.35,10.8,10.92,8781947
2024-02-20,10.81,10.83,10.56,10.75,6192181
2024-02-21,10.72,11.38,10.61,11.06,10480601
2024-02-22,10.99,11.19,10.9,11.15,5246601
2024-02-23,11.15,11.38,11.01,11.35,6680480
2024-02-26,11.31,11.71,11.27,11.53,6840912
2024-02-27,11.6,12.19,11.53,12.19,9292418
2024-02-28,12.25,12.27,11.39,11.4,11569064
2024-02-29,11.39,11.87,11.2,11.87,7699400
2024-03-01,11.88,12.09,11.83,11.99,6445917
2024-03-04,12.01,12.01,11.6,11.89,5893820
2024-03-05,11.8,11.97,11.62,11.8,5070300
2024-03-06,11.74,12.11,11.66,12.02,6727725
2024-03-07,12.07,12.35,11.94,11.97,6650777
2024-03-08,11.86,12.91,11.86,12.79,15876101
2024-03-11,13.24,14.07,13.13,14.07,28489693
2024-03-12,14.2,14.35,13.68,14.14,20242228
2024-03-13,14.19,14.33,13.98,14.07,10823206
2024-03-14,14,14.15,13.33,13.45,13692298
2024-03-15,13.41,13.58,13.22,13.55,8596500
2024-03-18,13.65,13.76,13.41,13.57,8066351
2024-03-19,13.56,13.73,13.38,13.45,7566111
2024-03-20,13.44,13.6,13.36,13.55,6612721
2024-03-21,13.53,13.72,13.36,13.54,6655550
2024-03-22,13.5,13.52,13.05,13.07,10350149
2024-03-25,12.97,13.5,12.93,13.07,9782644
2024-03-26,13.07,13.43,13.01,13.37,7651371
2024-03-27,13.26,13.5,12.72,12.73,8009044
2024-03-28,12.7,13.22,12.7,13.02,5810401
2024-03-29,13,14.09,12.86,13.82,14745896
2024-03-31,,,,,
2024-04-01,14.17,14.63,14,14.33,16516217
2024-04-02,14.3,14.32,13.88,13.95,9311350
2024-04-03,13.88,13.88,13.35,13.49,7834706
2024-04-08,13.4,13.7,13.4,13.5,7073001
2024-04-09,13.5,13.67,13.4,13.62,4382600
2024-04-10,13.63,13.75,13.18,13.31,5479695
2024-04-11,13.17,13.89,13.07,13.56,7189013
2024-04-12,13.54,13.66,13.17,13.2,5087053
2024-04-15,13.27,13.33,12.72,13.1,5722934
2024-04-16,13.1,13.1,12.38,12.45,8255597
2024-04-17,12.65,13.7,12.65,13.7,13320455
2024-04-18,13.85,15.07,13.7,15.07,18774364
2024-04-19,15.01,16.18,14.86,15.8,36462353
2024-04-22,15.53,16.1,15.25,15.28,19482679
2024-04-23,15.18,16.19,15.18,15.96,23139024
2024-04-24,15.68,16.2,15.44,16.19,16192881
2024-04-25,16.2,16.21,15.53,15.58,11605050
2024-04-26,15.64,15.98,15.51,15.7,10484980
2024-04-29,16.16,17.27,16.16,17.27,21839755
2024-04-30,17.74,17.84,17.1,17.24,17733953
2024-05-06,17.15,18.42,17.15,18.36,20466245
2024-05-07,18.05,20.15,17.9,19.85,23225256
2024-05-08,19.51,20.45,19.3,19.91,15332221
2024-05-09,19.78,21.9,19.62,21.9,20888783
2024-05-10,21.93,24.05,21.35,22,29774113
2024-05-13,21.12,22,20.96,21.33,30012841
2024-05-14,20.79,23.46,20.6,22.8,32031467
2024-05-15,22.01,23.48,21.21,21.61,27142624
2024-05-16,21.19,21.56,21.01,21.18,18065236
2024-05-17,21.18,21.78,20.5,20.81,18821830
2024-05-20,20.11,21.69,20.05,21.63,21458979
2024-05-21,21.52,21.8,21,21.1,10411954
2024-05-22,21,21,19.7,20.09,23971456
2024-05-23,19.47,19.83,18.78,18.99,15279483
2024-05-24,18.99,19.39,18.94,18.97,14090408
2024-05-27,19.1,19.29,18.12,18.69,18621346
2024-05-28,18.6,18.99,18.42,18.49,12299247
2024-05-29,18.5,18.63,18.08,18.28,9922556
2024-05-30,18.3,18.4,18.06,18.11,9745400
2024-05-31,18.15,18.3,17.83,17.9,8859000
2024-06-03,17.99,18.69,17.84,18.28,15647674
2024-06-04,18.37,18.84,18,18.58,21453200
2024-06-05,18.37,18.75,17.96,17.96,13984745
2024-06-06,17.88,18.09,17.32,17.43,16900800
2024-06-07,17.53,17.8,16.92,17.17,11728583
2024-06-11,17.02,17.55,16.79,17.38,12866900
2024-06-12,17.31,17.46,17.08,17.34,9924201
2024-06-13,17.22,17.38,16.89,17.03,8209722
2024-06-14,16.89,17.19,16.75,17,7045419
2024-06-17,16.92,17.78,16.92,17.63,20322061
2024-06-18,17.57,17.96,17.36,17.68,18496098
2024-06-19,17.79,17.79,17.27,17.34,11145458
2024-06-20,17.42,17.45,16.8,16.83,9418100
2024-06-21,16.65,17.3,16.62,16.98,9859500
2024-06-24,16.96,17.02,16,16.03,11301610
2024-06-25,16.17,16.4,15.95,16.11,11423900
2024-06-26,16.13,16.27,15.85,16.18,8729277
2024-06-27,16.12,16.18,15.62,15.62,10937500
2024-06-28,15.65,16.08,15.58,15.76,8593013
2024-06-30,,,,,
2024-07-01,15.82,16.18,15.6,16.05,6987800
2024-07-02,15.98,16.1,15.48,15.58,7581254
2024-07-03,15.58,15.64,15.2,15.24,6857800
2024-07-04,15.33,15.47,15.04,15.06,6457500
2024-07-05,15.04,15.27,14.8,15.17,5501674
2024-07-08,15.13,15.22,14.89,14.92,6140000
2024-07-09,14.93,15.62,14.81,15.56,10327896
2024-07-10,15.52,15.81,15.45,15.53,7262650
2024-07-11,15.72,15.83,15.51,15.81,7998356
2024-07-12,15.73,15.82,15.52,15.79,5905510
2024-07-15,15.75,15.78,15.52,15.61,4753074
2024-07-16,15.65,15.68,15.32,15.5,4898300
2024-07-17,15.5,15.55,14.75,14.82,7781835
2024-07-18,14.66,14.97,14.5,14.86,6078250
2024-07-19,14.94,15.01,14.7,14.71,4018009
2024-07-22,14.66,14.76,14.4,14.51,5012796
2024-07-23,14.46,14.58,14.06,14.07,6176099
2024-07-24,14.1,14.2,13.53,13.6,9000078
2024-07-25,13.6,13.9,13.33,13.72,8033957
2024-07-26,13.9,15.09,13.85,15.09,14078929
2024-07-29,15.6,16.59,15.1,16.15,40146007
2024-07-30,16.2,16.31,15.58,16,25672753
2024-07-31,15.95,16.77,15.72,16.68,20283188
2024-08-01,16.58,16.98,16.46,16.66,15421134
2024-08-02,16.53,16.6,15.91,16,13155410
2024-08-05,15.91,16.25,15.27,15.28,13816210
2024-08-06,15.4,15.64,15.17,15.4,8535089
2024-08-07,15.41,15.86,15.23,15.32,9399040
2024-08-08,15.23,15.4,14.75,15.12,10412257
2024-08-09,15.16,16.09,15.16,15.45,13265477
2024-08-12,15.2,15.39,14.99,15.13,7358451
2024-08-13,15.09,15.52,14.97,15.23,6843376
2024-08-14,15.25,15.33,14.96,14.98,4152100
2024-08-15,14.97,15.23,14.75,14.91,5812099
2024-08-16,14.88,15.04,14.48,14.51,8002500
2024-08-19,14.57,15.05,14.48,14.6,9074400
2024-08-20,14.61,14.76,14.25,14.33,5170457
2024-08-21,14.24,14.43,14.21,14.38,3234200
2024-08-22,14.42,14.44,14.13,14.22,3936700
2024-08-23,14.17,14.37,14.11,14.23,3552872
2024-08-26,14.24,14.61,14.18,14.59,6086072
2024-08-27,14.62,14.7,14.35,14.51,7327700
2024-08-28,14.91,15.96,14.9,15.96,14960041
2024-08-29,15.96,16.47,15.8,16.4,22720799
2024-08-30,16.25,16.64,16.24,16.43,17019621
2024-09-02,16.64,16.69,16.19,16.25,10035600
2024-09-03,15.93,16.28,15.93,16.05,8003168
2024-09-04,15.93,16.28,15.75,16.01,6176140
2024-09-05,16.09,16.31,16.03,16.15,6944060
2024-09-06,16.1,16.19,15.45,15.49,7590500
2024-09-09,15.49,15.79,15.33,15.61,7619500
2024-09-10,15.62,16.09,15.38,16,8041500
2024-09-11,16,16.44,15.78,16.39,9144800
2024-09-12,16.36,17.1,16.31,16.5,12468064
2024-09-13,16.4,16.81,16.37,16.39,6890499
2024-09-18,16.33,16.8,16.26,16.71,7947500
2024-09-19,16.82,17.38,16.51,17.02,16255111
2024-09-20,16.97,17.35,16.74,16.95,10091624
2024-09-23,16.86,17.23,16.45,16.5,10535261
2024-09-24,16.63,16.84,15.88,16.24,20811200
2024-09-25,16.3,16.76,16.15,16.24,17166100
2024-09-26,16.14,17.04,16.07,17.04,15651295
2024-09-27,17.47,18.23,17.21,17.83,17260998
2024-09-30,18.47,19.35,18.05,19.2,20991604
2024-10-08,20.99,21,18.45,20.73,32198874
2024-10-09,19.72,19.72,18.66,18.66,24852501
2024-10-10,18.49,18.96,17.88,18.42,18970748
2024-10-11,18.36,18.48,17.75,17.9,11949978
2024-10-14,17.97,19.1,17.71,18.87,15094910
2024-10-15,18.73,18.78,17.65,17.66,18515195
2024-10-16,17.17,17.57,17.11,17.49,9726793
2024-10-17,17.48,17.9,17.26,17.3,8752700
2024-10-18,17.42,18.34,17.4,18.03,15855849
2024-10-21,17.95,18.44,17.8,18.05,12767678
2024-10-22,17.9,18.55,17.9,18.36,9673267
2024-10-23,18.37,18.79,18.18,18.49,9768800
2024-10-24,18.48,18.68,18.08,18.16,7747800
2024-10-25,18.19,18.54,18.16,18.49,7320500
2024-10-28,18.48,18.66,18.02,18.59,8799601
2024-10-29,18.36,18.46,17.62,17.7,15565000
2024-10-30,17.9,18.06,17.51,17.78,8984768
2024-10-31,17.38,17.68,17.18,17.42,10517900
2024-11-01,17.46,17.46,16.76,16.76,11880861
2024-11-04,16.75,17.33,16.71,17.18,6874685
2024-11-05,17.18,17.47,16.8,17.37,9807900
2024-11-06,17.49,18.05,17.29,17.64,13977087
2024-11-07,17.58,18.04,17.3,17.93,9362794
2024-11-08,17.91,18.33,17.66,17.72,10722100
2024-11-11,17.62,19.05,17.56,18.7,17894601
2024-11-12,18.79,19.46,18.44,18.7,14686457
2024-11-13,18.58,18.67,17.94,18.27,11095864
2024-11-14,18.26,18.33,17.52,17.63,7913000
2024-11-15,17.56,18.18,17.42,17.44,9020902
2024-11-18,17.4,17.6,16.94,17.06,8543300
2024-11-19,17.07,17.57,17.07,17.56,7629867
2024-11-20,17.41,17.64,17.01,17.35,8810600
2024-11-21,17.27,17.48,16.97,17.2,7087799
2024-11-22,17.1,17.2,16.4,16.4,8752000
2024-11-25,16.5,16.7,16.25,16.62,6208216
2024-11-26,16.48,16.64,16.28,16.48,5286082
2024-11-27,16.4,16.58,16.06,16.58,6692190
2024-11-28,16.48,16.6,16.28,16.32,5187900
2024-11-29,16.23,16.74,16.16,16.49,6047401
2024-12-02,16.6,17.16,16.45,17.06,9119086
2024-12-03,17.2,17.21,16.81,16.95,5957800
2024-12-04,16.88,17,16.66,16.81,5229400
2024-12-05,16.75,17.02,16.46,16.78,7023735
2024-12-06,16.73,16.98,16.47,16.95,7235500
2024-12-09,16.95,17.15,16.82,17.02,5606400
2024-12-10,17.54,17.56,17.02,17.08,7782994
2024-12-11,17.08,17.2,16.95,17.06,5700566
2024-12-12,17.09,17.32,16.9,17.26,6229700
2024-12-13,17.22,17.22,16.7,16.75,6537900
2024-12-16,16.75,16.81,16.26,16.35,5719466
2024-12-17,16.31,17.63,16.26,17.17,15600300
2024-12-18,17.11,17.93,17.11,17.28,13747301
2024-12-19,17.11,17.3,16.94,17.22,7807992
2024-12-20,17.2,17.56,17.1,17.31,7061800
2024-12-23,17.31,17.46,16.77,16.82,6819370
2024-12-24,16.9,18.43,16.83,18.15,21011139
2024-12-25,17.95,18.27,17.58,18.13,13060836
2024-12-26,18.08,18.3,17.91,18.15,10221219
2024-12-27,18.15,18.78,18.02,18.43,15041391
2024-12-30,18.36,18.57,17.94,18.05,10646526
2024-12-31,18.03,18.33,17.81,18.01,10466767
